Timestamp,Operation,Duration (ms),RAM Delta (MB),Details
2026-07-10 10:38:28.914,"TS Reparse (All)",0.004672,0,"Chars: 0"
2026-07-10 10:38:28.941,"TS Rehighlight (All)",7.66195,0,"Blocks: 1"
2026-07-10 10:38:29.293,"Highlight (Change)",131.755,0,"Pos: 0, -0, +0, range: blocks 0-0"
2026-07-10 10:38:29.429,"TS Rehighlight (All)",128.17,0,"Blocks: 1"
2026-07-10 10:38:29.557,"TS Rehighlight (All)",127.065,0,"Blocks: 1"
2026-07-10 10:38:29.681,"TS Rehighlight (All)",124.096,0,"Blocks: 1"
2026-07-10 10:38:29.811,"Highlight (Change)",129.815,0,"Pos: 0, -1, +0, range: blocks 0-0"
2026-07-10 10:38:29.941,"Highlight (Change)",129.645,0,"Pos: 0, -0, +335, range: blocks 0-23"
2026-07-10 10:38:30.216,"TS Rehighlight (All)",138.032,0,"Blocks: 24"
2026-07-10 10:39:26.152,"TS Reparse (All)",3111.39,0,"Chars: 5385122"
2026-07-10 10:39:28.904,"File Load",7377,182.984,"Path: /home/nord/Videos/here/TCC_Test/sqlite3.c, Size: 5258.9 KB, Lines: 151639, Chars: 5385123"
2026-07-10 10:39:28.995,"Highlight (Local)",1.46967,0,"Center: 19, radius: 160, range: 0-179"
2026-07-10 10:39:29.073,"Highlight (Local)",1.20373,0,"Center: 19, radius: 160, range: 0-179"
2026-07-10 10:39:30.746,"Paint (Slow)",17.3669,0,"Duration: 17.37 ms"
2026-07-10 10:39:30.800,"Highlight (Local)",4.36101,0,"Center: 15, radius: 160, range: 0-175"
2026-07-10 10:39:32.270,"Key Press (Typing)",5.83631,0,"Key_16777237"
2026-07-10 10:39:32.351,"Highlight (Local)",3.38008,0,"Center: 16, radius: 160, range: 0-176"
2026-07-10 10:39:32.771,"Key Press (Typing)",3.10781,0,"Key_16777237"
2026-07-10 10:39:32.845,"Key Press (Typing)",1.45411,0,"Key_16777237"
2026-07-10 10:39:32.877,"Key Press (Typing)",0.868805,0,"Key_16777237"
2026-07-10 10:39:32.885,"Key Press (Typing)",0.95389,0,"Key_16777237"
2026-07-10 10:39:32.921,"Key Press (Typing)",1.32448,0,"Key_16777237"
2026-07-10 10:39:32.939,"Key Press (Typing)",1.13141,0,"Key_16777237"
2026-07-10 10:39:32.973,"Key Press (Typing)",0.89958,0,"Key_16777237"
2026-07-10 10:39:33.010,"Key Press (Typing)",2.12981,0,"Key_16777237"
2026-07-10 10:39:33.019,"Key Press (Typing)",1.7792,0,"Key_16777237"
2026-07-10 10:39:33.044,"Key Press (Typing)",0.475493,0,"Key_16777237"
2026-07-10 10:39:33.076,"Key Press (Typing)",0.878313,0,"Key_16777237"
2026-07-10 10:39:33.104,"Key Press (Typing)",1.51249,0,"Key_16777237"
2026-07-10 10:39:33.135,"Key Press (Typing)",1.27651,0,"Key_16777237"
2026-07-10 10:39:33.166,"Key Press (Typing)",1.26009,0,"Key_16777237"
2026-07-10 10:39:33.193,"Key Press (Typing)",0.782077,0,"Key_16777237"
2026-07-10 10:39:33.225,"Key Press (Typing)",0.731999,0,"Key_16777237"
2026-07-10 10:39:33.254,"Key Press (Typing)",1.09863,0,"Key_16777237"
2026-07-10 10:39:33.285,"Key Press (Typing)",1.26598,0,"Key_16777237"
2026-07-10 10:39:33.316,"Key Press (Typing)",1.59586,0,"Key_16777237"
2026-07-10 10:39:33.344,"Key Press (Typing)",0.889378,0,"Key_16777237"
2026-07-10 10:39:33.374,"Key Press (Typing)",0.647104,0,"Key_16777237"
2026-07-10 10:39:33.405,"Key Press (Typing)",1.08836,0,"Key_16777237"
2026-07-10 10:39:33.437,"Key Press (Typing)",1.30088,0,"Key_16777237"
2026-07-10 10:39:33.469,"Key Press (Typing)",1.14323,0,"Key_16777237"
2026-07-10 10:39:33.498,"Key Press (Typing)",1.43604,0,"Key_16777237"
2026-07-10 10:39:33.527,"Key Press (Typing)",0.602951,0,"Key_16777237"
2026-07-10 10:39:33.557,"Key Press (Typing)",1.08976,0,"Key_16777237"
2026-07-10 10:39:33.587,"Key Press (Typing)",0.61236,0,"Key_16777237"
2026-07-10 10:39:33.618,"Key Press (Typing)",0.770614,0,"Key_16777237"
2026-07-10 10:39:33.651,"Key Press (Typing)",2.49035,0,"Key_16777237"
2026-07-10 10:39:33.677,"Key Press (Typing)",0.792781,0,"Key_16777237"
2026-07-10 10:39:33.707,"Key Press (Typing)",0.891444,0,"Key_16777237"
2026-07-10 10:39:33.740,"Key Press (Typing)",1.43561,0,"Key_16777237"
2026-07-10 10:39:33.773,"Key Press (Typing)",0.751873,0,"Key_16777237"
2026-07-10 10:39:33.805,"Key Press (Typing)",1.15285,0,"Key_16777237"
2026-07-10 10:39:33.839,"Key Press (Typing)",1.16512,0,"Key_16777237"
2026-07-10 10:39:33.872,"Key Press (Typing)",1.27854,0,"Key_16777237"
2026-07-10 10:39:33.907,"Key Press (Typing)",1.25195,0,"Key_16777237"
2026-07-10 10:39:33.941,"Key Press (Typing)",1.00769,0,"Key_16777237"
2026-07-10 10:39:33.976,"Key Press (Typing)",1.38185,0,"Key_16777237"
2026-07-10 10:39:34.010,"Key Press (Typing)",1.74468,0,"Key_16777237"
2026-07-10 10:39:34.044,"Key Press (Typing)",1.40504,0,"Key_16777237"
2026-07-10 10:39:34.057,"Key Press (Typing)",2.11274,0,"Key_16777237"
2026-07-10 10:39:34.089,"Key Press (Typing)",2.10925,0,"Key_16777237"
2026-07-10 10:39:34.122,"Key Press (Typing)",0.89515,0,"Key_16777237"
2026-07-10 10:39:34.156,"Key Press (Typing)",1.13574,0,"Key_16777237"
2026-07-10 10:39:34.189,"Key Press (Typing)",1.33835,0,"Key_16777237"
2026-07-10 10:39:34.224,"Key Press (Typing)",1.59302,0,"Key_16777237"
2026-07-10 10:39:34.254,"Key Press (Typing)",1.27154,0,"Key_16777237"
2026-07-10 10:39:34.288,"Key Press (Typing)",1.56829,0,"Key_16777237"
2026-07-10 10:39:34.319,"Key Press (Typing)",2.90055,0,"Key_16777237"
2026-07-10 10:39:34.356,"Key Press (Typing)",1.04841,0,"Key_16777237"
2026-07-10 10:39:34.371,"Key Press (Typing)",4.03255,0,"Key_16777237"
2026-07-10 10:39:34.406,"Key Press (Typing)",1.04548,0,"Key_16777237"
2026-07-10 10:39:34.442,"Key Press (Typing)",0.774592,0,"Key_16777237"
2026-07-10 10:39:34.476,"Key Press (Typing)",2.40571,0,"Key_16777237"
2026-07-10 10:39:34.515,"Key Press (Typing)",3.68803,0,"Key_16777237"
2026-07-10 10:39:34.529,"Key Press (Typing)",2.61213,0,"Key_16777237"
2026-07-10 10:39:34.564,"Key Press (Typing)",2.9351,0,"Key_16777237"
2026-07-10 10:39:34.596,"Key Press (Typing)",1.50488,0,"Key_16777237"
2026-07-10 10:39:34.633,"Key Press (Typing)",4.18604,0,"Key_16777237"
2026-07-10 10:39:34.646,"Key Press (Typing)",3.99353,0,"Key_16777237"
2026-07-10 10:39:34.677,"Key Press (Typing)",0.818586,0,"Key_16777237"
2026-07-10 10:39:34.710,"Key Press (Typing)",0.667553,0,"Key_16777237"
2026-07-10 10:39:34.743,"Key Press (Typing)",0.854634,0,"Key_16777237"
2026-07-10 10:39:34.783,"Key Press (Typing)",5.27135,0,"Key_16777237"
2026-07-10 10:39:34.821,"Key Press (Typing)",2.52271,0,"Key_16777237"
2026-07-10 10:39:34.829,"Key Press (Typing)",1.48009,0,"Key_16777237"
2026-07-10 10:39:34.860,"Key Press (Typing)",0.722719,0,"Key_16777237"
2026-07-10 10:39:34.897,"Key Press (Typing)",2.9359,0,"Key_16777237"
2026-07-10 10:39:34.934,"Key Press (Typing)",2.53909,0,"Key_16777237"
2026-07-10 10:39:34.972,"Key Press (Typing)",2.52572,0,"Key_16777237"
2026-07-10 10:39:34.990,"Key Press (Typing)",1.34227,0,"Key_16777237"
2026-07-10 10:39:35.024,"Key Press (Typing)",1.10952,0,"Key_16777237"
2026-07-10 10:39:35.058,"Key Press (Typing)",1.68003,0,"Key_16777237"
2026-07-10 10:39:35.092,"Key Press (Typing)",1.81683,0,"Key_16777237"
2026-07-10 10:39:35.104,"Key Press (Typing)",1.23131,0,"Key_16777237"
2026-07-10 10:39:35.136,"Key Press (Typing)",1.67899,0,"Key_16777237"
2026-07-10 10:39:35.173,"Key Press (Typing)",1.78477,0,"Key_16777237"
2026-07-10 10:39:35.210,"Key Press (Typing)",3.02422,0,"Key_16777237"
2026-07-10 10:39:35.244,"Key Press (Typing)",1.58085,0,"Key_16777237"
2026-07-10 10:39:35.277,"Key Press (Typing)",1.61615,0,"Key_16777237"
2026-07-10 10:39:35.290,"Key Press (Typing)",1.10364,0,"Key_16777237"
2026-07-10 10:39:35.326,"Key Press (Typing)",2.33608,0,"Key_16777237"
2026-07-10 10:39:35.359,"Key Press (Typing)",1.10577,0,"Key_16777237"
2026-07-10 10:39:35.395,"Key Press (Typing)",3.67701,0,"Key_16777237"
2026-07-10 10:39:35.432,"Key Press (Typing)",4.77713,0,"Key_16777237"
2026-07-10 10:39:35.468,"Key Press (Typing)",3.50657,0,"Key_16777237"
2026-07-10 10:39:35.492,"Key Press (Typing)",1.11392,0,"Key_16777237"
2026-07-10 10:39:35.511,"Key Press (Typing)",1.32534,0,"Key_16777237"
2026-07-10 10:39:35.543,"Key Press (Typing)",1.37928,0,"Key_16777237"
2026-07-10 10:39:35.582,"Key Press (Typing)",3.73807,0,"Key_16777237"
2026-07-10 10:39:35.619,"Key Press (Typing)",4.77585,0,"Key_16777237"
2026-07-10 10:39:35.643,"Key Press (Typing)",1.09314,0,"Key_16777237"
2026-07-10 10:39:35.663,"Key Press (Typing)",3.69718,0,"Key_16777237"
2026-07-10 10:39:35.694,"Key Press (Typing)",1.40107,0,"Key_16777237"
2026-07-10 10:39:35.734,"Key Press (Typing)",2.82113,0,"Key_16777237"
2026-07-10 10:39:35.772,"Key Press (Typing)",2.58777,0,"Key_16777237"
2026-07-10 10:39:35.797,"Key Press (Typing)",3.86086,0,"Key_16777237"
2026-07-10 10:39:35.832,"Key Press (Typing)",1.68484,0,"Key_16777237"
2026-07-10 10:39:35.843,"Key Press (Typing)",1.02531,0,"Key_16777237"
2026-07-10 10:39:35.875,"Key Press (Typing)",1.00427,0,"Key_16777237"
2026-07-10 10:39:35.924,"Key Press (Typing)",1.71646,0,"Key_16777237"
2026-07-10 10:39:35.968,"Key Press (Typing)",2.53254,0,"Key_16777237"
2026-07-10 10:39:35.992,"Key Press (Typing)",1.30951,0,"Key_16777237"
2026-07-10 10:39:36.020,"Key Press (Typing)",2.7563,0,"Key_16777237"
2026-07-10 10:39:36.039,"Key Press (Typing)",1.74723,0,"Key_16777237"
2026-07-10 10:39:36.074,"Key Press (Typing)",2.51794,0,"Key_16777237"
2026-07-10 10:39:36.098,"Key Press (Typing)",1.05872,0,"Key_16777237"
2026-07-10 10:39:36.134,"Key Press (Typing)",2.6421,0,"Key_16777237"
2026-07-10 10:39:36.145,"Key Press (Typing)",1.84623,0,"Key_16777237"
2026-07-10 10:39:36.189,"Key Press (Typing)",1.11013,0,"Key_16777237"
2026-07-10 10:39:36.229,"Key Press (Typing)",1.90864,0,"Key_16777237"
2026-07-10 10:39:36.257,"Key Press (Typing)",2.19358,0,"Key_16777237"
2026-07-10 10:39:36.276,"Key Press (Typing)",1.4158,0,"Key_16777237"
2026-07-10 10:39:36.310,"Key Press (Typing)",1.46475,0,"Key_16777237"
2026-07-10 10:39:36.345,"Key Press (Typing)",2.14289,0,"Key_16777237"
2026-07-10 10:39:36.382,"Key Press (Typing)",1.71129,0,"Key_16777237"
2026-07-10 10:39:36.408,"Key Press (Typing)",1.39748,0,"Key_16777237"
2026-07-10 10:39:36.426,"Key Press (Typing)",1.33746,0,"Key_16777237"
2026-07-10 10:39:36.460,"Key Press (Typing)",1.45741,0,"Key_16777237"
2026-07-10 10:39:36.495,"Key Press (Typing)",1.94925,0,"Key_16777237"
2026-07-10 10:39:36.536,"Key Press (Typing)",4.34599,0,"Key_16777237"
2026-07-10 10:39:36.559,"Key Press (Typing)",0.743904,0,"Key_16777237"
2026-07-10 10:39:36.592,"Key Press (Typing)",1.60685,0,"Key_16777237"
2026-07-10 10:39:36.605,"Key Press (Typing)",1.54662,0,"Key_16777237"
2026-07-10 10:39:36.639,"Key Press (Typing)",1.36418,0,"Key_16777237"
2026-07-10 10:39:36.674,"Key Press (Typing)",1.81335,0,"Key_16777237"
2026-07-10 10:39:36.707,"Key Press (Typing)",1.45857,0,"Key_16777237"
2026-07-10 10:39:36.741,"Key Press (Typing)",1.3063,0,"Key_16777237"
2026-07-10 10:39:36.777,"Key Press (Typing)",1.60173,0,"Key_16777237"
2026-07-10 10:39:36.802,"Key Press (Typing)",2.57181,0,"Key_16777237"
2026-07-10 10:39:36.839,"Key Press (Typing)",2.05968,0,"Key_16777237"
2026-07-10 10:39:36.853,"Key Press (Typing)",1.31623,0,"Key_16777237"
2026-07-10 10:39:36.888,"Key Press (Typing)",1.146,0,"Key_16777237"
2026-07-10 10:39:36.924,"Key Press (Typing)",1.56224,0,"Key_16777237"
2026-07-10 10:39:36.964,"Key Press (Typing)",4.19563,0,"Key_16777237"
2026-07-10 10:39:36.992,"Key Press (Typing)",1.87764,0,"Key_16777237"
2026-07-10 10:39:37.012,"Key Press (Typing)",1.79076,0,"Key_16777237"
2026-07-10 10:39:37.057,"Key Press (Typing)",2.04559,0,"Key_16777237"
2026-07-10 10:39:37.074,"Key Press (Typing)",1.48863,0,"Key_16777237"
2026-07-10 10:39:37.107,"Key Press (Typing)",1.34013,0,"Key_16777237"
2026-07-10 10:39:37.143,"Key Press (Typing)",1.61396,0,"Key_16777237"
2026-07-10 10:39:37.171,"Key Press (Typing)",1.15481,0,"Key_16777237"
2026-07-10 10:39:37.191,"Key Press (Typing)",1.8312,0,"Key_16777237"
2026-07-10 10:39:37.226,"Key Press (Typing)",1.50973,0,"Key_16777237"
2026-07-10 10:39:37.264,"Key Press (Typing)",0.896901,0,"Key_16777237"
2026-07-10 10:39:37.303,"Key Press (Typing)",4.2293,0,"Key_16777237"
2026-07-10 10:39:37.319,"Key Press (Typing)",1.51644,0,"Key_16777237"
2026-07-10 10:39:37.355,"Key Press (Typing)",0.903955,0,"Key_16777237"
2026-07-10 10:39:37.370,"Key Press (Typing)",0.940785,0,"Key_16777237"
2026-07-10 10:39:37.405,"Key Press (Typing)",0.878499,0,"Key_16777237"
2026-07-10 10:39:37.440,"Key Press (Typing)",1.62434,0,"Key_16777237"
2026-07-10 10:39:37.475,"Key Press (Typing)",0.827067,0,"Key_16777237"
2026-07-10 10:39:37.516,"Key Press (Typing)",2.26262,0,"Key_16777237"
2026-07-10 10:39:37.532,"Key Press (Typing)",1.91524,0,"Key_16777237"
2026-07-10 10:39:37.571,"Key Press (Typing)",0.954579,0,"Key_16777237"
2026-07-10 10:39:37.587,"Key Press (Typing)",1.32734,0,"Key_16777237"
2026-07-10 10:39:37.621,"Key Press (Typing)",0.93709,0,"Key_16777237"
2026-07-10 10:39:37.656,"Key Press (Typing)",1.11159,0,"Key_16777237"
2026-07-10 10:39:37.692,"Key Press (Typing)",1.63444,0,"Key_16777237"
2026-07-10 10:39:37.706,"Key Press (Typing)",0.944994,0,"Key_16777237"
2026-07-10 10:39:37.741,"Key Press (Typing)",0.88249,0,"Key_16777237"
2026-07-10 10:39:37.776,"Key Press (Typing)",1.0416,0,"Key_16777237"
2026-07-10 10:39:37.813,"Key Press (Typing)",3.46399,0,"Key_16777237"
2026-07-10 10:39:37.890,"Highlight (Local)",2.10313,0,"Center: 181, radius: 160, range: 21-341"
2026-07-10 10:39:41.839,"Highlight (Local)",3.3816,0,"Center: 438, radius: 160, range: 278-598"
2026-07-10 10:39:42.500,"Highlight (Local)",4.97626,0,"Center: 447, radius: 160, range: 287-607"
2026-07-10 10:39:43.197,"Paint (Slow)",13.2095,0,"Duration: 13.21 ms"
2026-07-10 10:39:43.972,"Highlight (Local)",4.3044,0,"Center: 536, radius: 160, range: 376-696"
2026-07-10 10:39:44.250,"Paint (Slow)",14.7382,0,"Duration: 14.74 ms"
2026-07-10 10:39:45.501,"Paint (Slow)",12.2734,0,"Duration: 12.27 ms"
2026-07-10 10:39:45.567,"Highlight (Local)",3.25666,0,"Center: 609, radius: 160, range: 449-769"
2026-07-10 10:39:46.273,"Highlight (Local)",29.262,0,"Center: 612, radius: 160, range: 452-772"
2026-07-10 10:39:48.041,"Highlight (Local)",5.01114,0,"Center: 697, radius: 160, range: 537-857"
2026-07-10 10:39:55.079,"Paint (Slow)",20.9531,0,"Duration: 20.95 ms"
2026-07-10 10:39:55.551,"Paint (Slow)",15.4975,0,"Duration: 15.50 ms"
2026-07-10 10:39:55.983,"Paint (Slow)",13.3867,0,"Duration: 13.39 ms"
2026-07-10 10:39:57.898,"Highlight (Local)",10.7559,0,"Center: 142526, radius: 160, range: 142366-142686"
2026-07-10 10:39:59.894,"Paint (Slow)",25.1693,0,"Duration: 25.17 ms"
2026-07-10 10:40:01.194,"Highlight (Local)",5.72611,0,"Center: 151624, radius: 160, range: 151464-151638"
2026-07-10 10:40:02.726,"Highlight (Local)",42.5107,0,"Center: 151606, radius: 160, range: 151446-151638"
2026-07-10 10:40:03.869,"Key Press (Typing)",11.4606,0,"Key_16777235"
2026-07-10 10:40:03.945,"Highlight (Local)",5.50865,0,"Center: 151605, radius: 160, range: 151445-151638"
2026-07-10 10:40:04.366,"Key Press (Typing)",7.51519,0,"Key_16777235"
2026-07-10 10:40:04.442,"Key Press (Typing)",0.86374,0,"Key_16777235"
2026-07-10 10:40:04.456,"Key Press (Typing)",1.00028,0,"Key_16777235"
2026-07-10 10:40:04.494,"Key Press (Typing)",1.28244,0,"Key_16777235"
2026-07-10 10:40:04.509,"Key Press (Typing)",1.08569,0,"Key_16777235"
2026-07-10 10:40:04.546,"Key Press (Typing)",1.43014,0,"Key_16777235"
2026-07-10 10:40:04.562,"Key Press (Typing)",1.38037,0,"Key_16777235"
2026-07-10 10:40:04.602,"Key Press (Typing)",3.15775,0,"Key_16777235"
2026-07-10 10:40:04.616,"Key Press (Typing)",0.65653,0,"Key_16777235"
2026-07-10 10:40:04.655,"Key Press (Typing)",4.01942,0,"Key_16777235"
2026-07-10 10:40:04.693,"Key Press (Typing)",1.53697,0,"Key_16777235"
2026-07-10 10:40:04.708,"Key Press (Typing)",0.73416,0,"Key_16777235"
2026-07-10 10:40:04.746,"Key Press (Typing)",1.44114,0,"Key_16777235"
2026-07-10 10:40:04.783,"Key Press (Typing)",1.50642,0,"Key_16777235"
2026-07-10 10:40:04.799,"Key Press (Typing)",1.49079,0,"Key_16777235"
2026-07-10 10:40:04.839,"Key Press (Typing)",1.49127,0,"Key_16777235"
2026-07-10 10:40:04.877,"Key Press (Typing)",1.99707,0,"Key_16777235"
2026-07-10 10:40:04.902,"Key Press (Typing)",2.49147,0,"Key_16777235"
2026-07-10 10:40:04.947,"Key Press (Typing)",2.79458,0,"Key_16777235"
2026-07-10 10:40:04.962,"Key Press (Typing)",0.830101,0,"Key_16777235"
2026-07-10 10:40:05.002,"Key Press (Typing)",3.49086,0,"Key_16777235"
2026-07-10 10:40:05.015,"Key Press (Typing)",0.729556,0,"Key_16777235"
2026-07-10 10:40:05.054,"Key Press (Typing)",3.94577,0,"Key_16777235"
2026-07-10 10:40:05.092,"Key Press (Typing)",3.56129,0,"Key_16777235"
2026-07-10 10:40:05.109,"Key Press (Typing)",0.656783,0,"Key_16777235"
2026-07-10 10:40:05.152,"Key Press (Typing)",3.26778,0,"Key_16777235"
2026-07-10 10:40:05.169,"Key Press (Typing)",2.23809,0,"Key_16777235"
2026-07-10 10:40:05.212,"Key Press (Typing)",1.59578,0,"Key_16777235"
2026-07-10 10:40:05.227,"Key Press (Typing)",0.961818,0,"Key_16777235"
2026-07-10 10:40:05.274,"Key Press (Typing)",1.55923,0,"Key_16777235"
2026-07-10 10:40:05.294,"Key Press (Typing)",1.85719,0,"Key_16777235"
2026-07-10 10:40:05.332,"Key Press (Typing)",1.05488,0,"Key_16777235"
2026-07-10 10:40:05.348,"Key Press (Typing)",1.49815,0,"Key_16777235"
2026-07-10 10:40:05.388,"Key Press (Typing)",1.93739,0,"Key_16777235"
2026-07-10 10:40:05.428,"Key Press (Typing)",3.25997,0,"Key_16777235"
2026-07-10 10:40:05.444,"Key Press (Typing)",0.82841,0,"Key_16777235"
2026-07-10 10:40:05.481,"Key Press (Typing)",0.974047,0,"Key_16777235"
2026-07-10 10:40:05.522,"Key Press (Typing)",2.2389,0,"Key_16777235"
2026-07-10 10:40:05.541,"Key Press (Typing)",0.672153,0,"Key_16777235"
2026-07-10 10:40:05.579,"Key Press (Typing)",1.95805,0,"Key_16777235"
2026-07-10 10:40:05.597,"Key Press (Typing)",1.48265,0,"Key_16777235"
2026-07-10 10:40:05.642,"Key Press (Typing)",3.25853,0,"Key_16777235"
2026-07-10 10:40:05.660,"Key Press (Typing)",1.10167,0,"Key_16777235"
2026-07-10 10:40:05.698,"Key Press (Typing)",1.7473,0,"Key_16777235"
2026-07-10 10:40:05.741,"Key Press (Typing)",2.49319,0,"Key_16777235"
2026-07-10 10:40:05.760,"Key Press (Typing)",1.70381,0,"Key_16777235"
2026-07-10 10:40:05.798,"Key Press (Typing)",2.3473,0,"Key_16777235"
2026-07-10 10:40:05.819,"Key Press (Typing)",2.68948,0,"Key_16777235"
2026-07-10 10:40:05.861,"Key Press (Typing)",1.21979,0,"Key_16777235"
2026-07-10 10:40:05.879,"Key Press (Typing)",1.72193,0,"Key_16777235"
2026-07-10 10:40:05.923,"Key Press (Typing)",3.017,0,"Key_16777235"
2026-07-10 10:40:05.942,"Key Press (Typing)",2.02922,0,"Key_16777235"
2026-07-10 10:40:05.980,"Key Press (Typing)",1.35074,0,"Key_16777235"
2026-07-10 10:40:05.999,"Key Press (Typing)",2.78646,0,"Key_16777235"
2026-07-10 10:40:06.041,"Key Press (Typing)",1.80345,0,"Key_16777235"
2026-07-10 10:40:06.060,"Key Press (Typing)",1.34715,0,"Key_16777235"
2026-07-10 10:40:06.099,"Key Press (Typing)",0.914502,0,"Key_16777235"
2026-07-10 10:40:06.121,"Key Press (Typing)",1.44298,0,"Key_16777235"
2026-07-10 10:40:06.164,"Key Press (Typing)",2.91695,0,"Key_16777235"
2026-07-10 10:40:06.181,"Key Press (Typing)",1.00939,0,"Key_16777235"
2026-07-10 10:40:06.226,"Key Press (Typing)",2.22944,0,"Key_16777235"
2026-07-10 10:40:06.248,"Key Press (Typing)",1.65851,0,"Key_16777235"
2026-07-10 10:40:06.289,"Key Press (Typing)",2.29808,0,"Key_16777235"
2026-07-10 10:40:06.310,"Key Press (Typing)",2.06604,0,"Key_16777235"
2026-07-10 10:40:06.346,"Key Press (Typing)",0.968421,0,"Key_16777235"
2026-07-10 10:40:06.364,"Key Press (Typing)",1.70236,0,"Key_16777235"
2026-07-10 10:40:06.409,"Key Press (Typing)",1.52112,0,"Key_16777235"
2026-07-10 10:40:06.429,"Key Press (Typing)",1.7001,0,"Key_16777235"
2026-07-10 10:40:06.471,"Key Press (Typing)",1.00726,0,"Key_16777235"
2026-07-10 10:40:06.496,"Key Press (Typing)",4.92183,0,"Key_16777235"
2026-07-10 10:40:06.536,"Key Press (Typing)",3.23026,0,"Key_16777235"
2026-07-10 10:40:06.572,"Key Press (Typing)",3.37172,0,"Key_16777235"
2026-07-10 10:40:06.597,"Key Press (Typing)",1.32583,0,"Key_16777235"
2026-07-10 10:40:06.631,"Key Press (Typing)",1.87462,0,"Key_16777235"
2026-07-10 10:40:06.660,"Key Press (Typing)",1.51789,0,"Key_16777235"
2026-07-10 10:40:06.693,"Key Press (Typing)",3.39226,0,"Key_16777235"
2026-07-10 10:40:06.718,"Key Press (Typing)",2.73909,0,"Key_16777235"
2026-07-10 10:40:06.752,"Key Press (Typing)",3.66435,0,"Key_16777235"
2026-07-10 10:40:06.782,"Key Press (Typing)",3.26901,0,"Key_16777235"
2026-07-10 10:40:06.826,"Key Press (Typing)",2.69949,0,"Key_16777235"
2026-07-10 10:40:06.846,"Key Press (Typing)",1.08237,0,"Key_16777235"
2026-07-10 10:40:06.865,"Key Press (Typing)",2.13491,0,"Key_16777235"
2026-07-10 10:40:06.911,"Key Press (Typing)",2.67637,0,"Key_16777235"
2026-07-10 10:40:06.931,"Key Press (Typing)",1.77533,0,"Key_16777235"
2026-07-10 10:40:06.974,"Key Press (Typing)",3.45492,0,"Key_16777235"
2026-07-10 10:40:07.008,"Key Press (Typing)",2.15482,0,"Key_16777235"
2026-07-10 10:40:07.037,"Key Press (Typing)",3.81277,0,"Key_16777235"
2026-07-10 10:40:07.059,"Key Press (Typing)",1.44787,0,"Key_16777235"
2026-07-10 10:40:07.099,"Key Press (Typing)",1.3182,0,"Key_16777235"
2026-07-10 10:40:07.126,"Key Press (Typing)",3.00269,0,"Key_16777235"
2026-07-10 10:40:07.145,"Key Press (Typing)",1.31741,0,"Key_16777235"
2026-07-10 10:40:07.184,"Key Press (Typing)",2.31997,0,"Key_16777235"
2026-07-10 10:40:07.220,"Key Press (Typing)",4.12705,0,"Key_16777235"
2026-07-10 10:40:07.249,"Key Press (Typing)",1.48987,0,"Key_16777235"
2026-07-10 10:40:07.287,"Key Press (Typing)",2.9022,0,"Key_16777235"
2026-07-10 10:40:07.315,"Key Press (Typing)",1.37898,0,"Key_16777235"
2026-07-10 10:40:07.339,"Key Press (Typing)",2.96529,0,"Key_16777235"
2026-07-10 10:40:07.373,"Key Press (Typing)",2.66357,0,"Key_16777235"
2026-07-10 10:40:07.397,"Key Press (Typing)",1.32651,0,"Key_16777235"
2026-07-10 10:40:07.442,"Key Press (Typing)",1.73535,0,"Key_16777235"
2026-07-10 10:40:07.464,"Key Press (Typing)",1.31553,0,"Key_16777235"
2026-07-10 10:40:07.486,"Key Press (Typing)",1.79825,0,"Key_16777235"
2026-07-10 10:40:07.528,"Key Press (Typing)",1.65283,0,"Key_16777235"
2026-07-10 10:40:07.550,"Key Press (Typing)",3.84164,0,"Key_16777235"
2026-07-10 10:40:07.593,"Key Press (Typing)",1.41041,0,"Key_16777235"
2026-07-10 10:40:07.628,"Key Press (Typing)",2.63368,0,"Key_16777235"
2026-07-10 10:40:07.647,"Key Press (Typing)",1.00522,0,"Key_16777235"
2026-07-10 10:40:07.678,"Key Press (Typing)",1.34284,0,"Key_16777235"
2026-07-10 10:40:07.711,"Key Press (Typing)",1.34947,0,"Key_16777235"
2026-07-10 10:40:07.743,"Key Press (Typing)",2.389,0,"Key_16777235"
2026-07-10 10:40:07.778,"Key Press (Typing)",2.87183,0,"Key_16777235"
2026-07-10 10:40:07.809,"Key Press (Typing)",1.28749,0,"Key_16777235"
2026-07-10 10:40:07.833,"Key Press (Typing)",3.34375,0,"Key_16777235"
2026-07-10 10:40:07.864,"Key Press (Typing)",1.33183,0,"Key_16777235"
2026-07-10 10:40:07.896,"Key Press (Typing)",2.69381,0,"Key_16777235"
2026-07-10 10:40:07.931,"Key Press (Typing)",1.7874,0,"Key_16777235"
2026-07-10 10:40:07.964,"Key Press (Typing)",2.44572,0,"Key_16777235"
2026-07-10 10:40:07.991,"Key Press (Typing)",3.80725,0,"Key_16777235"
2026-07-10 10:40:08.030,"Key Press (Typing)",1.27388,0,"Key_16777235"
2026-07-10 10:40:08.057,"Key Press (Typing)",1.93142,0,"Key_16777235"
2026-07-10 10:40:08.076,"Key Press (Typing)",0.806381,0,"Key_16777235"
2026-07-10 10:40:08.124,"Key Press (Typing)",2.75509,0,"Key_16777235"
2026-07-10 10:40:08.148,"Key Press (Typing)",2.08196,0,"Key_16777235"
2026-07-10 10:40:08.191,"Key Press (Typing)",1.47605,0,"Key_16777235"
2026-07-10 10:40:08.252,"Key Press (Typing)",1.73736,0,"Key_16777235"
2026-07-10 10:40:08.277,"Key Press (Typing)",1.47754,0,"Key_16777235"
2026-07-10 10:40:08.303,"Key Press (Typing)",3.80423,0,"Key_16777235"
2026-07-10 10:40:08.328,"Key Press (Typing)",1.40888,0,"Key_16777235"
2026-07-10 10:40:08.377,"Key Press (Typing)",3.08698,0,"Key_16777235"
2026-07-10 10:40:08.411,"Key Press (Typing)",7.91068,0,"Key_16777235"
2026-07-10 10:40:08.432,"Key Press (Typing)",2.3863,0,"Key_16777235"
2026-07-10 10:40:08.457,"Key Press (Typing)",3.1472,0,"Key_16777235"
2026-07-10 10:40:08.509,"Key Press (Typing)",2.73799,0,"Key_16777235"
2026-07-10 10:40:08.545,"Key Press (Typing)",1.58202,0,"Key_16777235"
2026-07-10 10:40:08.581,"Key Press (Typing)",2.11565,0,"Key_16777235"
2026-07-10 10:40:08.605,"Key Press (Typing)",2.60094,0,"Key_16777235"
2026-07-10 10:40:08.650,"Key Press (Typing)",3.59528,0,"Key_16777235"
2026-07-10 10:40:08.675,"Key Press (Typing)",1.18135,0,"Key_16777235"
2026-07-10 10:40:08.696,"Key Press (Typing)",1.0233,0,"Key_16777235"
2026-07-10 10:40:08.720,"Key Press (Typing)",2.17686,0,"Key_16777235"
2026-07-10 10:40:08.741,"Key Press (Typing)",1.60518,0,"Key_16777235"
2026-07-10 10:40:08.780,"Key Press (Typing)",2.34268,0,"Key_16777235"
2026-07-10 10:40:08.804,"Key Press (Typing)",2.46253,0,"Key_16777235"
2026-07-10 10:40:08.828,"Key Press (Typing)",1.40389,0,"Key_16777235"
2026-07-10 10:40:08.855,"Key Press (Typing)",4.54296,0,"Key_16777235"
2026-07-10 10:40:08.897,"Key Press (Typing)",1.43828,0,"Key_16777235"
2026-07-10 10:40:08.926,"Key Press (Typing)",1.11826,0,"Key_16777235"
2026-07-10 10:40:08.951,"Key Press (Typing)",3.83647,0,"Key_16777235"
2026-07-10 10:40:08.975,"Key Press (Typing)",1.10002,0,"Key_16777235"
2026-07-10 10:40:09.014,"Key Press (Typing)",1.34133,0,"Key_16777235"
2026-07-10 10:40:09.042,"Key Press (Typing)",1.2727,0,"Key_16777235"
2026-07-10 10:40:09.067,"Key Press (Typing)",2.86434,0,"Key_16777235"
2026-07-10 10:40:09.092,"Key Press (Typing)",0.950224,0,"Key_16777235"
2026-07-10 10:40:09.133,"Key Press (Typing)",2.75466,0,"Key_16777235"
2026-07-10 10:40:09.165,"Key Press (Typing)",1.37711,0,"Key_16777235"
2026-07-10 10:40:09.192,"Key Press (Typing)",1.38013,0,"Key_16777235"
2026-07-10 10:40:09.213,"Key Press (Typing)",1.24299,0,"Key_16777235"
2026-07-10 10:40:09.258,"Key Press (Typing)",1.54789,0,"Key_16777235"
2026-07-10 10:40:09.283,"Key Press (Typing)",3.41519,0,"Key_16777235"
2026-07-10 10:40:09.310,"Key Press (Typing)",1.30099,0,"Key_16777235"
2026-07-10 10:40:09.331,"Key Press (Typing)",1.25574,0,"Key_16777235"
2026-07-10 10:40:09.376,"Key Press (Typing)",2.94723,0,"Key_16777235"
2026-07-10 10:40:09.399,"Key Press (Typing)",1.51326,0,"Key_16777235"
2026-07-10 10:40:09.425,"Key Press (Typing)",1.04503,0,"Key_16777235"
2026-07-10 10:40:09.449,"Key Press (Typing)",3.52187,0,"Key_16777235"
2026-07-10 10:40:09.491,"Key Press (Typing)",1.36003,0,"Key_16777235"
2026-07-10 10:40:09.517,"Key Press (Typing)",3.70618,0,"Key_16777235"
2026-07-10 10:40:09.542,"Key Press (Typing)",1.16019,0,"Key_16777235"
2026-07-10 10:40:09.567,"Key Press (Typing)",4.09645,0,"Key_16777235"
2026-07-10 10:40:09.613,"Key Press (Typing)",1.15623,0,"Key_16777235"
2026-07-10 10:40:09.643,"Key Press (Typing)",2.85116,0,"Key_16777235"
2026-07-10 10:40:09.664,"Key Press (Typing)",0.840746,0,"Key_16777235"
2026-07-10 10:40:09.689,"Key Press (Typing)",1.05513,0,"Key_16777235"
2026-07-10 10:40:09.727,"Key Press (Typing)",1.71503,0,"Key_16777235"
2026-07-10 10:40:09.757,"Key Press (Typing)",4.2528,0,"Key_16777235"
2026-07-10 10:40:09.779,"Key Press (Typing)",1.05635,0,"Key_16777235"
2026-07-10 10:40:09.805,"Key Press (Typing)",1.52066,0,"Key_16777235"
2026-07-10 10:40:09.852,"Key Press (Typing)",1.35749,0,"Key_16777235"
2026-07-10 10:40:09.879,"Key Press (Typing)",2.89235,0,"Key_16777235"
2026-07-10 10:40:09.906,"Key Press (Typing)",1.52343,0,"Key_16777235"
2026-07-10 10:40:09.929,"Key Press (Typing)",1.27606,0,"Key_16777235"
2026-07-10 10:40:09.975,"Key Press (Typing)",1.73605,0,"Key_16777235"
2026-07-10 10:40:09.997,"Key Press (Typing)",1.24608,0,"Key_16777235"
2026-07-10 10:40:10.034,"Key Press (Typing)",2.42852,0,"Key_16777235"
2026-07-10 10:40:10.058,"Key Press (Typing)",0.906669,0,"Key_16777235"
2026-07-10 10:40:10.090,"Key Press (Typing)",1.1709,0,"Key_16777235"
2026-07-10 10:40:10.127,"Key Press (Typing)",0.987985,0,"Key_16777235"
2026-07-10 10:40:10.154,"Key Press (Typing)",1.62001,0,"Key_16777235"
2026-07-10 10:40:10.186,"Key Press (Typing)",1.82808,0,"Key_16777235"
2026-07-10 10:40:10.213,"Key Press (Typing)",1.09936,0,"Key_16777235"
2026-07-10 10:40:10.253,"Key Press (Typing)",2.13094,0,"Key_16777235"
2026-07-10 10:40:10.288,"Key Press (Typing)",2.78712,0,"Key_16777235"
2026-07-10 10:40:10.313,"Key Press (Typing)",1.48682,0,"Key_16777235"
2026-07-10 10:40:10.340,"Key Press (Typing)",1.27752,0,"Key_16777235"
2026-07-10 10:40:10.374,"Key Press (Typing)",1.10854,0,"Key_16777235"
2026-07-10 10:40:10.410,"Key Press (Typing)",3.58539,0,"Key_16777235"
2026-07-10 10:40:10.437,"Key Press (Typing)",1.72067,0,"Key_16777235"
2026-07-10 10:40:10.461,"Key Press (Typing)",0.824551,0,"Key_16777235"
2026-07-10 10:40:10.500,"Key Press (Typing)",3.33722,0,"Key_16777235"
2026-07-10 10:40:10.530,"Key Press (Typing)",1.18789,0,"Key_16777235"
2026-07-10 10:40:10.558,"Key Press (Typing)",2.37767,0,"Key_16777235"
2026-07-10 10:40:10.580,"Key Press (Typing)",1.1484,0,"Key_16777235"
2026-07-10 10:40:10.623,"Key Press (Typing)",1.18026,0,"Key_16777235"
2026-07-10 10:40:10.649,"Key Press (Typing)",2.36694,0,"Key_16777235"
2026-07-10 10:40:10.675,"Key Press (Typing)",1.25268,0,"Key_16777235"
2026-07-10 10:40:10.697,"Key Press (Typing)",0.765046,0,"Key_16777235"
2026-07-10 10:40:10.741,"Key Press (Typing)",1.48128,0,"Key_16777235"
2026-07-10 10:40:10.768,"Key Press (Typing)",4.07731,0,"Key_16777235"
2026-07-10 10:40:10.793,"Key Press (Typing)",1.20898,0,"Key_16777235"
2026-07-10 10:40:10.818,"Key Press (Typing)",1.57358,0,"Key_16777235"
2026-07-10 10:40:10.863,"Key Press (Typing)",1.45098,0,"Key_16777235"
2026-07-10 10:40:10.893,"Key Press (Typing)",1.6024,0,"Key_16777235"
2026-07-10 10:40:10.924,"Key Press (Typing)",1.14879,0,"Key_16777235"
2026-07-10 10:40:10.946,"Key Press (Typing)",0.986844,0,"Key_16777235"
2026-07-10 10:40:10.990,"Key Press (Typing)",1.85471,0,"Key_16777235"
2026-07-10 10:40:11.024,"Key Press (Typing)",2.16292,0,"Key_16777235"
2026-07-10 10:40:11.052,"Key Press (Typing)",1.68271,0,"Key_16777235"
2026-07-10 10:40:11.079,"Key Press (Typing)",1.2099,0,"Key_16777235"
2026-07-10 10:40:11.120,"Key Press (Typing)",2.64827,0,"Key_16777235"
2026-07-10 10:40:11.168,"Key Press (Typing)",1.30887,0,"Key_16777235"
2026-07-10 10:40:11.195,"Key Press (Typing)",1.37954,0,"Key_16777235"
2026-07-10 10:40:11.224,"Key Press (Typing)",1.16503,0,"Key_16777235"
2026-07-10 10:40:11.254,"Key Press (Typing)",1.7025,0,"Key_16777235"
2026-07-10 10:40:11.342,"Highlight (Local)",11.1472,0,"Center: 151382, radius: 160, range: 151222-151542"
2026-07-10 10:40:11.390,"Key Press (Typing)",1.37769,0,"Key_16777237"
2026-07-10 10:40:11.476,"Highlight (Local)",9.20642,0,"Center: 151383, radius: 160, range: 151223-151543"
2026-07-10 10:40:12.145,"Key Press (Typing)",10.4884,0,"Key_16777235"
2026-07-10 10:40:12.229,"Highlight (Local)",8.86856,0,"Center: 151382, radius: 160, range: 151222-151542"
2026-07-10 10:40:12.650,"Key Press (Typing)",11.9296,0,"Key_16777235"
2026-07-10 10:40:12.747,"Highlight (Local)",9.09431,0,"Center: 151381, radius: 160, range: 151221-151541"
2026-07-10 10:40:12.775,"Key Press (Typing)",1.86059,0,"Key_16777235"
2026-07-10 10:40:12.805,"Key Press (Typing)",2.55985,0,"Key_16777235"
2026-07-10 10:40:12.856,"Key Press (Typing)",2.18607,0,"Key_16777235"
2026-07-10 10:40:12.885,"Key Press (Typing)",1.34961,0,"Key_16777235"
2026-07-10 10:40:12.943,"Key Press (Typing)",2.20585,0,"Key_16777235"
2026-07-10 10:40:12.975,"Key Press (Typing)",1.98664,0,"Key_16777235"
2026-07-10 10:40:13.008,"Key Press (Typing)",1.85127,0,"Key_16777235"
2026-07-10 10:40:13.036,"Key Press (Typing)",2.0871,0,"Key_16777235"
2026-07-10 10:40:13.061,"Key Press (Typing)",1.17269,0,"Key_16777235"
2026-07-10 10:40:13.091,"Key Press (Typing)",1.43437,0,"Key_16777235"
2026-07-10 10:40:13.142,"Key Press (Typing)",2.8605,0,"Key_16777235"
2026-07-10 10:40:13.176,"Key Press (Typing)",1.15938,0,"Key_16777235"
2026-07-10 10:40:13.207,"Key Press (Typing)",2.33538,0,"Key_16777235"
2026-07-10 10:40:13.239,"Key Press (Typing)",2.70628,0,"Key_16777235"
2026-07-10 10:40:13.268,"Key Press (Typing)",3.72853,0,"Key_16777235"
2026-07-10 10:40:13.295,"Key Press (Typing)",1.34433,0,"Key_16777235"
2026-07-10 10:40:13.342,"Key Press (Typing)",2.31586,0,"Key_16777235"
2026-07-10 10:40:13.375,"Key Press (Typing)",3.30864,0,"Key_16777235"
2026-07-10 10:40:13.405,"Key Press (Typing)",2.04662,0,"Key_16777235"
2026-07-10 10:40:13.429,"Key Press (Typing)",2.19917,0,"Key_16777235"
2026-07-10 10:40:13.459,"Key Press (Typing)",0.957232,0,"Key_16777235"
2026-07-10 10:40:13.488,"Key Press (Typing)",1.53367,0,"Key_16777235"
2026-07-10 10:40:13.518,"Key Press (Typing)",4.88623,0,"Key_16777235"
2026-07-10 10:40:13.569,"Key Press (Typing)",8.76396,0,"Key_16777235"
2026-07-10 10:40:13.596,"Key Press (Typing)",1.21575,0,"Key_16777235"
2026-07-10 10:40:13.627,"Key Press (Typing)",1.35831,0,"Key_16777235"
2026-07-10 10:40:13.713,"Highlight (Local)",9.05933,0,"Center: 151355, radius: 160, range: 151195-151515"
2026-07-10 10:40:13.943,"Key Press (Typing)",24.5453,0,"Key_16777235"
2026-07-10 10:40:14.057,"Highlight (Local)",13.3862,0,"Center: 151354, radius: 160, range: 151194-151514"
2026-07-10 10:40:14.430,"Key Press (Typing)",17.5891,0,"Key_16777235"
2026-07-10 10:40:14.535,"Highlight (Local)",12.7672,0,"Center: 151353, radius: 160, range: 151193-151513"
2026-07-10 10:40:14.562,"Key Press (Typing)",2.32945,0,"Key_16777235"
2026-07-10 10:40:14.594,"Key Press (Typing)",3.08082,0,"Key_16777235"
2026-07-10 10:40:14.622,"Key Press (Typing)",1.51858,0,"Key_16777235"
2026-07-10 10:40:14.674,"Key Press (Typing)",2.86008,0,"Key_16777235"
2026-07-10 10:40:14.725,"Key Press (Typing)",1.66618,0,"Key_16777235"
2026-07-10 10:40:14.756,"Key Press (Typing)",1.3314,0,"Key_16777235"
2026-07-10 10:40:14.786,"Key Press (Typing)",1.37942,0,"Key_16777235"
2026-07-10 10:40:14.811,"Key Press (Typing)",1.50351,0,"Key_16777235"
2026-07-10 10:40:14.840,"Key Press (Typing)",1.03866,0,"Key_16777235"
2026-07-10 10:40:14.869,"Key Press (Typing)",2.8519,0,"Key_16777235"
2026-07-10 10:40:14.921,"Key Press (Typing)",4.70963,0,"Key_16777235"
2026-07-10 10:40:14.954,"Key Press (Typing)",2.08266,0,"Key_16777235"
2026-07-10 10:40:14.985,"Key Press (Typing)",3.10813,0,"Key_16777235"
2026-07-10 10:40:15.012,"Key Press (Typing)",1.50023,0,"Key_16777235"
2026-07-10 10:40:15.058,"Key Press (Typing)",1.65702,0,"Key_16777235"
2026-07-10 10:40:15.089,"Key Press (Typing)",1.76491,0,"Key_16777235"
2026-07-10 10:40:15.138,"Key Press (Typing)",3.9278,0,"Key_16777235"
2026-07-10 10:40:15.170,"Key Press (Typing)",3.67297,0,"Key_16777235"
2026-07-10 10:40:15.197,"Key Press (Typing)",1.73374,0,"Key_16777235"
2026-07-10 10:40:15.226,"Key Press (Typing)",1.69297,0,"Key_16777235"
2026-07-10 10:40:15.255,"Key Press (Typing)",1.54607,0,"Key_16777235"
2026-07-10 10:40:15.288,"Key Press (Typing)",3.50473,0,"Key_16777235"
2026-07-10 10:40:15.316,"Key Press (Typing)",4.57896,0,"Key_16777235"
2026-07-10 10:40:15.366,"Key Press (Typing)",2.20424,0,"Key_16777235"
2026-07-10 10:40:15.397,"Key Press (Typing)",2.34016,0,"Key_16777235"
2026-07-10 10:40:15.433,"Key Press (Typing)",5.00601,0,"Key_16777235"
2026-07-10 10:40:15.462,"Key Press (Typing)",1.61365,0,"Key_16777235"
2026-07-10 10:40:15.493,"Key Press (Typing)",1.69847,0,"Key_16777235"
2026-07-10 10:40:15.523,"Key Press (Typing)",1.78716,0,"Key_16777235"
2026-07-10 10:40:15.555,"Key Press (Typing)",1.5325,0,"Key_16777235"
2026-07-10 10:40:15.580,"Key Press (Typing)",2.12691,0,"Key_16777235"
2026-07-10 10:40:15.630,"Key Press (Typing)",3.39442,0,"Key_16777235"
2026-07-10 10:40:15.661,"Key Press (Typing)",1.67102,0,"Key_16777235"
2026-07-10 10:40:15.692,"Key Press (Typing)",1.22676,0,"Key_16777235"
2026-07-10 10:40:15.721,"Key Press (Typing)",1.20268,0,"Key_16777235"
2026-07-10 10:40:15.746,"Key Press (Typing)",1.62285,0,"Key_16777235"
2026-07-10 10:40:15.775,"Key Press (Typing)",0.829521,0,"Key_16777235"
2026-07-10 10:40:15.807,"Key Press (Typing)",3.7299,0,"Key_16777235"
2026-07-10 10:40:15.836,"Key Press (Typing)",3.1144,0,"Key_16777235"
2026-07-10 10:40:15.862,"Key Press (Typing)",1.7454,0,"Key_16777235"
2026-07-10 10:40:15.917,"Key Press (Typing)",4.88251,0,"Key_16777235"
2026-07-10 10:40:15.953,"Key Press (Typing)",4.26688,0,"Key_16777235"
2026-07-10 10:40:15.985,"Key Press (Typing)",1.09161,0,"Key_16777235"
2026-07-10 10:40:16.011,"Key Press (Typing)",1.23372,0,"Key_16777235"
2026-07-10 10:40:16.042,"Key Press (Typing)",1.44158,0,"Key_16777235"
2026-07-10 10:40:16.072,"Key Press (Typing)",1.35217,0,"Key_16777235"
2026-07-10 10:40:16.098,"Key Press (Typing)",2.42258,0,"Key_16777235"
2026-07-10 10:40:16.127,"Key Press (Typing)",2.32376,0,"Key_16777235"
2026-07-10 10:40:16.156,"Key Press (Typing)",1.17893,0,"Key_16777235"
2026-07-10 10:40:16.205,"Key Press (Typing)",1.44537,0,"Key_16777235"
2026-07-10 10:40:16.240,"Key Press (Typing)",3.79716,0,"Key_16777235"
2026-07-10 10:40:16.274,"Key Press (Typing)",2.1511,0,"Key_16777235"
2026-07-10 10:40:16.304,"Key Press (Typing)",1.46023,0,"Key_16777235"
2026-07-10 10:40:16.337,"Key Press (Typing)",3.06318,0,"Key_16777235"
2026-07-10 10:40:16.367,"Key Press (Typing)",1.46384,0,"Key_16777235"
2026-07-10 10:40:16.395,"Key Press (Typing)",2.42452,0,"Key_16777235"
2026-07-10 10:40:16.424,"Key Press (Typing)",1.33661,0,"Key_16777235"
2026-07-10 10:40:16.453,"Key Press (Typing)",1.45949,0,"Key_16777235"
2026-07-10 10:40:16.504,"Key Press (Typing)",2.7913,0,"Key_16777235"
2026-07-10 10:40:16.540,"Key Press (Typing)",1.90047,0,"Key_16777235"
2026-07-10 10:40:16.573,"Key Press (Typing)",1.31405,0,"Key_16777235"
2026-07-10 10:40:16.606,"Key Press (Typing)",1.74827,0,"Key_16777235"
2026-07-10 10:40:16.643,"Key Press (Typing)",1.51293,0,"Key_16777235"
2026-07-10 10:40:16.676,"Key Press (Typing)",1.58331,0,"Key_16777235"
2026-07-10 10:40:16.709,"Key Press (Typing)",1.53025,0,"Key_16777235"
2026-07-10 10:40:16.739,"Key Press (Typing)",1.21318,0,"Key_16777235"
2026-07-10 10:40:16.768,"Key Press (Typing)",1.671,0,"Key_16777235"
2026-07-10 10:40:16.797,"Key Press (Typing)",2.96326,0,"Key_16777235"
2026-07-10 10:40:16.844,"Key Press (Typing)",1.31635,0,"Key_16777235"
2026-07-10 10:40:16.880,"Key Press (Typing)",2.15347,0,"Key_16777235"
2026-07-10 10:40:16.916,"Key Press (Typing)",2.52759,0,"Key_16777235"
2026-07-10 10:40:16.946,"Key Press (Typing)",2.98618,0,"Key_16777235"
2026-07-10 10:40:16.976,"Key Press (Typing)",0.995597,0,"Key_16777235"
2026-07-10 10:40:17.006,"Key Press (Typing)",1.00522,0,"Key_16777235"
2026-07-10 10:40:17.039,"Key Press (Typing)",1.60195,0,"Key_16777235"
2026-07-10 10:40:17.073,"Key Press (Typing)",1.69322,0,"Key_16777235"
2026-07-10 10:40:17.105,"Key Press (Typing)",0.976982,0,"Key_16777235"
2026-07-10 10:40:17.136,"Key Press (Typing)",1.57167,0,"Key_16777235"
2026-07-10 10:40:17.164,"Key Press (Typing)",2.29537,0,"Key_16777235"
2026-07-10 10:40:17.223,"Key Press (Typing)",1.32817,0,"Key_16777235"
2026-07-10 10:40:17.259,"Key Press (Typing)",1.64884,0,"Key_16777235"
2026-07-10 10:40:17.292,"Key Press (Typing)",1.48076,0,"Key_16777235"
2026-07-10 10:40:17.325,"Key Press (Typing)",1.38442,0,"Key_16777235"
2026-07-10 10:40:17.356,"Key Press (Typing)",1.52535,0,"Key_16777235"
2026-07-10 10:40:17.388,"Key Press (Typing)",1.33493,0,"Key_16777235"
2026-07-10 10:40:17.419,"Key Press (Typing)",0.921273,0,"Key_16777235"
2026-07-10 10:40:17.454,"Key Press (Typing)",4.53612,0,"Key_16777235"
2026-07-10 10:40:17.487,"Key Press (Typing)",1.03719,0,"Key_16777235"
2026-07-10 10:40:17.519,"Key Press (Typing)",1.30948,0,"Key_16777235"
2026-07-10 10:40:17.549,"Key Press (Typing)",4.33509,0,"Key_16777235"
2026-07-10 10:40:17.580,"Key Press (Typing)",2.33397,0,"Key_16777235"
2026-07-10 10:40:17.612,"Key Press (Typing)",2.00993,0,"Key_16777235"
2026-07-10 10:40:17.662,"Key Press (Typing)",1.83714,0,"Key_16777235"
2026-07-10 10:40:17.706,"Key Press (Typing)",2.62641,0,"Key_16777235"
2026-07-10 10:40:17.738,"Key Press (Typing)",1.36576,0,"Key_16777235"
2026-07-10 10:40:17.770,"Key Press (Typing)",1.36204,0,"Key_16777235"
2026-07-10 10:40:17.801,"Key Press (Typing)",1.38053,0,"Key_16777235"
2026-07-10 10:40:17.830,"Key Press (Typing)",3.32197,0,"Key_16777235"
2026-07-10 10:40:17.859,"Key Press (Typing)",1.16315,0,"Key_16777235"
2026-07-10 10:40:17.893,"Key Press (Typing)",1.26242,0,"Key_16777235"
2026-07-10 10:40:17.927,"Key Press (Typing)",1.11176,0,"Key_16777235"
2026-07-10 10:40:17.959,"Key Press (Typing)",1.17121,0,"Key_16777235"
2026-07-10 10:40:17.992,"Key Press (Typing)",1.2055,0,"Key_16777235"
2026-07-10 10:40:18.026,"Key Press (Typing)",2.213,0,"Key_16777235"
2026-07-10 10:40:18.057,"Key Press (Typing)",1.24569,0,"Key_16777235"
2026-07-10 10:40:18.088,"Key Press (Typing)",1.82867,0,"Key_16777235"
2026-07-10 10:40:18.139,"Key Press (Typing)",2.8879,0,"Key_16777235"
2026-07-10 10:40:18.174,"Key Press (Typing)",1.36821,0,"Key_16777235"
2026-07-10 10:40:18.206,"Key Press (Typing)",1.25955,0,"Key_16777235"
2026-07-10 10:40:18.237,"Key Press (Typing)",2.31329,0,"Key_16777235"
2026-07-10 10:40:18.270,"Key Press (Typing)",1.06067,0,"Key_16777235"
2026-07-10 10:40:18.302,"Key Press (Typing)",1.26651,0,"Key_16777235"
2026-07-10 10:40:18.336,"Key Press (Typing)",2.36532,0,"Key_16777235"
2026-07-10 10:40:18.371,"Key Press (Typing)",1.36194,0,"Key_16777235"
2026-07-10 10:40:18.407,"Key Press (Typing)",1.08686,0,"Key_16777235"
2026-07-10 10:40:18.441,"Key Press (Typing)",1.36959,0,"Key_16777235"
2026-07-10 10:40:18.474,"Key Press (Typing)",1.25846,0,"Key_16777235"
2026-07-10 10:40:18.506,"Key Press (Typing)",0.914922,0,"Key_16777235"
2026-07-10 10:40:18.541,"Key Press (Typing)",3.0956,0,"Key_16777235"
2026-07-10 10:40:18.573,"Key Press (Typing)",1.28543,0,"Key_16777235"
2026-07-10 10:40:18.604,"Key Press (Typing)",1.07977,0,"Key_16777235"
2026-07-10 10:40:18.636,"Key Press (Typing)",2.09252,0,"Key_16777235"
2026-07-10 10:40:18.688,"Key Press (Typing)",2.10354,0,"Key_16777235"
2026-07-10 10:40:18.725,"Key Press (Typing)",1.28852,0,"Key_16777235"
2026-07-10 10:40:18.760,"Key Press (Typing)",2.1054,0,"Key_16777235"
2026-07-10 10:40:18.792,"Key Press (Typing)",1.21925,0,"Key_16777235"
2026-07-10 10:40:18.824,"Key Press (Typing)",2.02065,0,"Key_16777235"
2026-07-10 10:40:18.856,"Key Press (Typing)",1.3502,0,"Key_16777235"
2026-07-10 10:40:18.889,"Key Press (Typing)",2.08125,0,"Key_16777235"
2026-07-10 10:40:18.922,"Key Press (Typing)",1.13963,0,"Key_16777235"
2026-07-10 10:40:18.955,"Key Press (Typing)",2.27297,0,"Key_16777235"
2026-07-10 10:40:18.988,"Key Press (Typing)",0.977298,0,"Key_16777235"
2026-07-10 10:40:19.023,"Key Press (Typing)",1.77952,0,"Key_16777235"
2026-07-10 10:40:19.054,"Key Press (Typing)",1.0398,0,"Key_16777235"
2026-07-10 10:40:19.086,"Key Press (Typing)",2.04658,0,"Key_16777235"
2026-07-10 10:40:19.119,"Key Press (Typing)",1.41647,0,"Key_16777235"
2026-07-10 10:40:19.152,"Key Press (Typing)",1.62968,0,"Key_16777235"
2026-07-10 10:40:19.183,"Key Press (Typing)",1.18835,0,"Key_16777235"
2026-07-10 10:40:19.217,"Key Press (Typing)",3.33801,0,"Key_16777235"
2026-07-10 10:40:19.253,"Key Press (Typing)",3.33212,0,"Key_16777235"
2026-07-10 10:40:19.308,"Key Press (Typing)",1.31593,0,"Key_16777235"
2026-07-10 10:40:19.355,"Key Press (Typing)",2.19798,0,"Key_16777235"
2026-07-10 10:40:19.390,"Key Press (Typing)",2.08644,0,"Key_16777235"
2026-07-10 10:40:19.423,"Key Press (Typing)",1.16424,0,"Key_16777235"
2026-07-10 10:40:19.457,"Key Press (Typing)",2.13205,0,"Key_16777235"
2026-07-10 10:40:19.491,"Key Press (Typing)",1.19329,0,"Key_16777235"
2026-07-10 10:40:19.525,"Key Press (Typing)",2.10298,0,"Key_16777235"
2026-07-10 10:40:19.558,"Key Press (Typing)",1.05123,0,"Key_16777235"
2026-07-10 10:40:19.592,"Key Press (Typing)",1.18841,0,"Key_16777235"
2026-07-10 10:40:19.625,"Key Press (Typing)",0.672947,0,"Key_16777235"
2026-07-10 10:40:19.662,"Key Press (Typing)",1.68764,0,"Key_16777235"
2026-07-10 10:40:19.701,"Key Press (Typing)",1.06155,0,"Key_16777235"
2026-07-10 10:40:19.734,"Key Press (Typing)",1.02858,0,"Key_16777235"
2026-07-10 10:40:19.768,"Key Press (Typing)",1.23477,0,"Key_16777235"
2026-07-10 10:40:19.802,"Key Press (Typing)",0.926471,0,"Key_16777235"
2026-07-10 10:40:19.836,"Key Press (Typing)",1.09354,0,"Key_16777235"
2026-07-10 10:40:19.870,"Key Press (Typing)",1.2425,0,"Key_16777235"
2026-07-10 10:40:19.906,"Key Press (Typing)",1.10632,0,"Key_16777235"
2026-07-10 10:40:19.942,"Key Press (Typing)",1.33552,0,"Key_16777235"
2026-07-10 10:40:19.976,"Key Press (Typing)",1.19389,0,"Key_16777235"
2026-07-10 10:40:20.009,"Key Press (Typing)",0.856583,0,"Key_16777235"
2026-07-10 10:40:20.066,"Key Press (Typing)",1.779,0,"Key_16777235"
2026-07-10 10:40:20.109,"Key Press (Typing)",1.03454,0,"Key_16777235"
2026-07-10 10:40:20.144,"Key Press (Typing)",1.26547,0,"Key_16777235"
2026-07-10 10:40:20.182,"Key Press (Typing)",1.66328,0,"Key_16777235"
2026-07-10 10:40:20.217,"Key Press (Typing)",1.81,0,"Key_16777235"
2026-07-10 10:40:20.252,"Key Press (Typing)",1.44738,0,"Key_16777235"
2026-07-10 10:40:20.286,"Key Press (Typing)",1.12725,0,"Key_16777235"
2026-07-10 10:40:20.321,"Key Press (Typing)",1.22292,0,"Key_16777235"
2026-07-10 10:40:20.355,"Key Press (Typing)",1.10996,0,"Key_16777235"
2026-07-10 10:40:20.388,"Key Press (Typing)",1.13307,0,"Key_16777235"
2026-07-10 10:40:20.422,"Key Press (Typing)",1.31658,0,"Key_16777235"
2026-07-10 10:40:20.457,"Key Press (Typing)",0.868734,0,"Key_16777235"
2026-07-10 10:40:20.499,"Key Press (Typing)",3.14776,0,"Key_16777235"
2026-07-10 10:40:20.534,"Key Press (Typing)",1.72111,0,"Key_16777235"
2026-07-10 10:40:20.570,"Key Press (Typing)",1.55331,0,"Key_16777235"
2026-07-10 10:40:20.605,"Key Press (Typing)",1.61072,0,"Key_16777235"
2026-07-10 10:40:20.640,"Key Press (Typing)",1.2138,0,"Key_16777235"
2026-07-10 10:40:20.675,"Key Press (Typing)",1.43359,0,"Key_16777235"
2026-07-10 10:40:20.710,"Key Press (Typing)",1.38309,0,"Key_16777235"
2026-07-10 10:40:20.746,"Key Press (Typing)",2.55186,0,"Key_16777235"
2026-07-10 10:40:20.784,"Key Press (Typing)",1.87695,0,"Key_16777235"
2026-07-10 10:40:20.818,"Key Press (Typing)",1.223,0,"Key_16777235"
2026-07-10 10:40:20.852,"Key Press (Typing)",0.657427,0,"Key_16777235"
2026-07-10 10:40:20.888,"Key Press (Typing)",2.54827,0,"Key_16777235"
2026-07-10 10:40:20.923,"Key Press (Typing)",1.34979,0,"Key_16777235"
2026-07-10 10:40:20.981,"Key Press (Typing)",2.88427,0,"Key_16777235"
2026-07-10 10:40:21.024,"Key Press (Typing)",1.42151,0,"Key_16777235"
2026-07-10 10:40:21.059,"Key Press (Typing)",0.862755,0,"Key_16777235"
2026-07-10 10:40:21.094,"Key Press (Typing)",1.29998,0,"Key_16777235"
2026-07-10 10:40:21.129,"Key Press (Typing)",2.10864,0,"Key_16777235"
2026-07-10 10:40:21.164,"Key Press (Typing)",1.80078,0,"Key_16777235"
2026-07-10 10:40:21.200,"Key Press (Typing)",1.96088,0,"Key_16777235"
2026-07-10 10:40:21.236,"Key Press (Typing)",1.30703,0,"Key_16777235"
2026-07-10 10:40:21.274,"Key Press (Typing)",1.40088,0,"Key_16777235"
2026-07-10 10:40:21.308,"Key Press (Typing)",1.94507,0,"Key_16777235"
2026-07-10 10:40:21.341,"Key Press (Typing)",0.903322,0,"Key_16777235"
2026-07-10 10:40:21.375,"Key Press (Typing)",0.851248,0,"Key_16777235"
2026-07-10 10:40:21.412,"Key Press (Typing)",2.76818,0,"Key_16777235"
2026-07-10 10:40:21.451,"Key Press (Typing)",2.70439,0,"Key_16777235"
2026-07-10 10:40:21.487,"Key Press (Typing)",1.1576,0,"Key_16777235"
2026-07-10 10:40:21.522,"Key Press (Typing)",1.2188,0,"Key_16777235"
2026-07-10 10:40:21.559,"Key Press (Typing)",1.85786,0,"Key_16777235"
2026-07-10 10:40:21.596,"Key Press (Typing)",2.22409,0,"Key_16777235"
2026-07-10 10:40:21.632,"Key Press (Typing)",1.43759,0,"Key_16777235"
2026-07-10 10:40:21.668,"Key Press (Typing)",2.32766,0,"Key_16777235"
2026-07-10 10:40:21.704,"Key Press (Typing)",1.34126,0,"Key_16777235"
2026-07-10 10:40:21.739,"Key Press (Typing)",1.31637,0,"Key_16777235"
2026-07-10 10:40:21.775,"Key Press (Typing)",1.13899,0,"Key_16777235"
2026-07-10 10:40:21.810,"Key Press (Typing)",2.40341,0,"Key_16777235"
2026-07-10 10:40:21.850,"Key Press (Typing)",4.94336,0,"Key_16777235"
2026-07-10 10:40:21.887,"Key Press (Typing)",1.46733,0,"Key_16777235"
2026-07-10 10:40:21.925,"Key Press (Typing)",1.20024,0,"Key_16777235"
2026-07-10 10:40:21.961,"Key Press (Typing)",2.01938,0,"Key_16777235"
2026-07-10 10:40:22.000,"Key Press (Typing)",3.07632,0,"Key_16777235"
2026-07-10 10:40:22.035,"Key Press (Typing)",1.09128,0,"Key_16777235"
2026-07-10 10:40:22.092,"Key Press (Typing)",3.36819,0,"Key_16777235"
2026-07-10 10:40:22.137,"Key Press (Typing)",1.53248,0,"Key_16777235"
2026-07-10 10:40:22.174,"Key Press (Typing)",0.93482,0,"Key_16777235"
2026-07-10 10:40:22.262,"Highlight (Local)",10.0335,0,"Center: 151134, radius: 160, range: 150974-151294"
2026-07-10 10:40:22.970,"Key Press (Typing)",16.5962,0,"Key_16777235"
2026-07-10 10:40:23.061,"Highlight (Local)",9.61925,0,"Center: 151133, radius: 160, range: 150973-151293"
2026-07-10 10:40:23.200,"Key Press (Typing)",3.92094,0,"Key_16777235"
2026-07-10 10:40:23.287,"Highlight (Local)",11.6934,0,"Center: 151132, radius: 160, range: 150972-151292"
2026-07-10 10:40:23.503,"Key Press (Typing)",16.4012,0,"Key_16777235"
2026-07-10 10:40:23.642,"Highlight (Local)",7.14337,0,"Center: 151131, radius: 160, range: 150971-151291"
2026-07-10 10:40:23.724,"Key Press (Typing)",1.41868,0,"Key_16777235"
2026-07-10 10:40:23.812,"Highlight (Local)",8.85656,0,"Center: 151130, radius: 160, range: 150970-151290"
2026-07-10 10:40:23.974,"Key Press (Typing)",2.86221,0,"Key_16777235"
2026-07-10 10:40:24.058,"Highlight (Local)",6.74951,0,"Center: 151129, radius: 160, range: 150969-151289"
2026-07-10 10:40:24.216,"Key Press (Typing)",2.08524,0,"Key_16777235"
2026-07-10 10:40:24.302,"Highlight (Local)",10.3821,0,"Center: 151128, radius: 160, range: 150968-151288"
2026-07-10 10:40:24.491,"Key Press (Typing)",8.12513,0,"Key_16777235"
2026-07-10 10:40:24.623,"Highlight (Local)",14.673,0,"Center: 151127, radius: 160, range: 150967-151287"
2026-07-10 10:40:24.752,"Key Press (Typing)",3.9287,0,"Key_16777235"
2026-07-10 10:40:24.836,"Highlight (Local)",8.5389,0,"Center: 151126, radius: 160, range: 150966-151286"
2026-07-10 10:40:25.013,"Key Press (Typing)",5.6443,0,"Key_16777235"
2026-07-10 10:40:25.103,"Highlight (Local)",10.9613,0,"Center: 151125, radius: 160, range: 150965-151285"
2026-07-10 10:40:25.224,"Key Press (Typing)",2.63751,0,"Key_16777235"
2026-07-10 10:40:25.306,"Highlight (Local)",6.66317,0,"Center: 151124, radius: 160, range: 150964-151284"
2026-07-10 10:40:25.469,"Key Press (Typing)",2.39239,0,"Key_16777235"
2026-07-10 10:40:25.555,"Highlight (Local)",6.83927,0,"Center: 151123, radius: 160, range: 150963-151283"
2026-07-10 10:40:25.682,"Key Press (Typing)",2.91956,0,"Key_16777235"
2026-07-10 10:40:25.770,"Highlight (Local)",8.36528,0,"Center: 151122, radius: 160, range: 150962-151282"
2026-07-10 10:40:25.967,"Key Press (Typing)",12.3306,0,"Key_16777235"
2026-07-10 10:40:26.105,"Highlight (Local)",7.99013,0,"Center: 151121, radius: 160, range: 150961-151281"
2026-07-10 10:40:26.170,"Key Press (Typing)",1.18963,0,"Key_16777235"
2026-07-10 10:40:26.273,"Highlight (Local)",21.9605,0,"Center: 151120, radius: 160, range: 150960-151280"
2026-07-10 10:40:26.401,"Key Press (Typing)",1.11661,0,"Key_16777235"
2026-07-10 10:40:26.487,"Highlight (Local)",7.06419,0,"Center: 151119, radius: 160, range: 150959-151279"
2026-07-10 10:40:26.638,"Key Press (Typing)",1.37007,0,"Key_16777235"
2026-07-10 10:40:26.722,"Highlight (Local)",6.52605,0,"Center: 151118, radius: 160, range: 150958-151278"
2026-07-10 10:40:26.978,"Key Press (Typing)",18.5964,0,"Key_16777235"
2026-07-10 10:40:27.083,"Highlight (Local)",10.1435,0,"Center: 151117, radius: 160, range: 150957-151277"
2026-07-10 10:40:27.233,"Key Press (Typing)",2.17353,0,"Key_16777235"
2026-07-10 10:40:27.324,"Highlight (Local)",7.32925,0,"Center: 151116, radius: 160, range: 150956-151276"
2026-07-10 10:40:27.483,"Key Press (Typing)",2.85788,0,"Key_16777235"
2026-07-10 10:40:27.583,"Highlight (Local)",10.8004,0,"Center: 151115, radius: 160, range: 150955-151275"
2026-07-10 10:40:27.732,"Key Press (Typing)",1.52489,0,"Key_16777235"
2026-07-10 10:40:27.820,"Highlight (Local)",7.89124,0,"Center: 151114, radius: 160, range: 150954-151274"
2026-07-10 10:40:27.983,"Key Press (Typing)",5.19068,0,"Key_16777235"
2026-07-10 10:40:28.068,"Highlight (Local)",8.21783,0,"Center: 151113, radius: 160, range: 150953-151273"
2026-07-10 10:40:28.236,"Key Press (Typing)",2.22799,0,"Key_16777235"
2026-07-10 10:40:28.335,"Highlight (Local)",10.9631,0,"Center: 151112, radius: 160, range: 150952-151272"
2026-07-10 10:40:28.468,"Key Press (Typing)",2.74106,0,"Key_16777235"
2026-07-10 10:40:28.570,"Highlight (Local)",23.0836,0,"Center: 151111, radius: 160, range: 150951-151271"
2026-07-10 10:40:28.724,"Key Press (Typing)",2.77352,0,"Key_16777235"
2026-07-10 10:40:28.806,"Highlight (Local)",6.82207,0,"Center: 151110, radius: 160, range: 150950-151270"
2026-07-10 10:40:28.938,"Key Press (Typing)",4.25733,0,"Key_16777235"
2026-07-10 10:40:29.023,"Highlight (Local)",7.40333,0,"Center: 151109, radius: 160, range: 150949-151269"
2026-07-10 10:40:29.168,"Key Press (Typing)",1.81168,0,"Key_16777235"
2026-07-10 10:40:29.261,"Highlight (Local)",9.63646,0,"Center: 151108, radius: 160, range: 150948-151268"
2026-07-10 10:40:29.389,"Key Press (Typing)",1.52475,0,"Key_16777235"
2026-07-10 10:40:29.476,"Highlight (Local)",8.44358,0,"Center: 151107, radius: 160, range: 150947-151267"
2026-07-10 10:40:29.614,"Key Press (Typing)",20.8368,0,"Key_16777235"
2026-07-10 10:40:29.738,"Highlight (Local)",7.96025,0,"Center: 151106, radius: 160, range: 150946-151266"
2026-07-10 10:40:29.809,"Key Press (Typing)",4.49432,0,"Key_16777235"
2026-07-10 10:40:29.892,"Highlight (Local)",8.58327,0,"Center: 151105, radius: 160, range: 150945-151265"
2026-07-10 10:40:29.986,"Key Press (Typing)",1.22988,0,"Key_16777235"
2026-07-10 10:40:30.070,"Highlight (Local)",7.19705,0,"Center: 151104, radius: 160, range: 150944-151264"
2026-07-10 10:40:30.181,"Key Press (Typing)",1.62781,0,"Key_16777235"
2026-07-10 10:40:30.271,"Highlight (Local)",11.1554,0,"Center: 151103, radius: 160, range: 150943-151263"
2026-07-10 10:40:30.382,"Key Press (Typing)",2.25099,0,"Key_16777235"
2026-07-10 10:40:30.468,"Highlight (Local)",8.59876,0,"Center: 151102, radius: 160, range: 150942-151262"
2026-07-10 10:40:32.043,"Key Press (Typing)",8.51348,0,"Key_16777235"
2026-07-10 10:40:32.134,"Highlight (Local)",9.01257,0,"Center: 151101, radius: 160, range: 150941-151261"
2026-07-10 10:40:32.666,"Key Press (Typing)",13.5859,0,"Key_16777235"
2026-07-10 10:40:32.782,"Highlight (Local)",10.9895,0,"Center: 151100, radius: 160, range: 150940-151260"
2026-07-10 10:40:32.978,"Key Press (Typing)",3.67336,0,"Key_16777235"
2026-07-10 10:40:33.068,"Highlight (Local)",8.42425,0,"Center: 151099, radius: 160, range: 150939-151259"
2026-07-10 10:40:33.264,"Key Press (Typing)",1.57242,0,"Key_16777235"
2026-07-10 10:40:33.349,"Highlight (Local)",10.0957,0,"Center: 151098, radius: 160, range: 150938-151258"
2026-07-10 10:40:33.537,"Key Press (Typing)",12.9628,0,"Key_16777235"
2026-07-10 10:40:33.698,"Highlight (Local)",11.1638,0,"Center: 151097, radius: 160, range: 150937-151257"
2026-07-10 10:40:38.165,"Highlight (Local)",9.52433,0,"Center: 150860, radius: 160, range: 150700-151020"
2026-07-10 10:40:41.259,"Highlight (Local)",24.0446,0,"Center: 150676, radius: 160, range: 150516-150836"
2026-07-10 10:40:42.086,"Paint (Slow)",14.2742,0,"Duration: 14.27 ms"
2026-07-10 10:40:43.949,"Highlight (Local)",16.4695,0,"Center: 150646, radius: 160, range: 150486-150806"
2026-07-10 10:40:46.675,"Highlight (Local)",23.512,0,"Center: 150417, radius: 160, range: 150257-150577"
2026-07-10 10:40:49.509,"Highlight (Local)",21.7416,0,"Center: 150233, radius: 160, range: 150073-150393"
2026-07-10 10:40:52.817,"Highlight (Local)",21.2835,0,"Center: 150033, radius: 160, range: 149873-150193"
2026-07-10 10:40:55.678,"Highlight (Local)",17.7013,0,"Center: 149822, radius: 160, range: 149662-149982"
2026-07-10 10:40:56.393,"Highlight (Local)",17.7375,0,"Center: 149822, radius: 160, range: 149662-149982"
2026-07-10 10:41:02.025,"Highlight (Local)",4.99626,0,"Center: 151636, radius: 160, range: 151476-151638"
2026-07-10 10:41:02.531,"Highlight (Local)",6.60849,0,"Center: 151638, radius: 160, range: 151478-151638"
2026-07-10 10:41:03.922,"Highlight (Change)",700.001,0,"Pos: 5385122, -0, +1, range: blocks 151558-151639"
2026-07-10 10:41:03.967,"Key Press (Editor)",746.822,0,"Enter"
2026-07-10 10:41:04.052,"Highlight (Local)",7.6428,0,"Center: 151639, radius: 160, range: 151479-151639"
2026-07-10 10:41:05.591,"Highlight (Change)",704.629,0,"Pos: 5385123, -0, +1, range: blocks 151559-151639"
2026-07-10 10:41:05.635,"Key Press (Typing)",748.548,0,"i"
2026-07-10 10:41:06.323,"Highlight (Change)",630.794,0,"Pos: 5385124, -0, +1, range: blocks 151559-151639"
2026-07-10 10:41:06.371,"Key Press (Typing)",679.799,0,"n"
2026-07-10 10:41:07.036,"Highlight (Change)",627.581,0,"Pos: 5385125, -0, +1, range: blocks 151559-151639"
2026-07-10 10:41:07.075,"Key Press (Typing)",667.328,0,"t"
2026-07-10 10:41:07.162,"Highlight (Local)",6.33636,0,"Center: 151639, radius: 160, range: 151479-151639"
2026-07-10 10:41:09.111,"Highlight (Change)",719.054,0,"Pos: 5385126, -0, +1, range: blocks 151559-151639"
2026-07-10 10:41:09.155,"Key Press (Typing)",765.885,0," "
2026-07-10 10:41:09.239,"Highlight (Local)",4.33145,0,"Center: 151639, radius: 160, range: 151479-151639"
2026-07-10 10:41:10.687,"Highlight (Change)",719.764,0,"Pos: 5385127, -0, +1, range: blocks 151559-151639"
2026-07-10 10:41:10.732,"Key Press (Typing)",764.996,0,"p"
2026-07-10 10:41:11.434,"Highlight (Change)",644.113,0,"Pos: 5385128, -0, +1, range: blocks 151559-151639"
2026-07-10 10:41:11.481,"Key Press (Typing)",692.192,0,"t"
2026-07-10 10:41:12.152,"Highlight (Change)",633.571,0,"Pos: 5385129, -0, +1, range: blocks 151559-151639"
2026-07-10 10:41:12.198,"Key Press (Typing)",679.269,0,"r"
2026-07-10 10:41:12.279,"Highlight (Local)",7.20984,0,"Center: 151639, radius: 160, range: 151479-151639"
2026-07-10 10:41:13.221,"Key Press (Typing)",0.190383,0,"Key_16777248"
2026-07-10 10:41:15.284,"Highlight (Change)",725.007,0,"Pos: 5385130, -0, +2, range: blocks 151559-151639"
2026-07-10 10:41:15.335,"Key Press (Editor)",776.919,0,"("
2026-07-10 10:41:15.403,"Key Press (Editor)",1.21462,0,")"
2026-07-10 10:41:15.485,"Highlight (Local)",5.04791,0,"Center: 151639, radius: 160, range: 151479-151639"
2026-07-10 10:41:15.910,"Key Press (Typing)",0.281103,0,"Key_16777248"
2026-07-10 10:41:17.092,"Highlight (Change)",689.057,0,"Pos: 5385132, -0, +2, range: blocks 151559-151639"
2026-07-10 10:41:17.137,"Key Press (Editor)",734.377,0,"{"
2026-07-10 10:41:17.821,"Highlight (Change)",623.399,0,"Pos: 5385133, -0, +6, range: blocks 151559-151641"
2026-07-10 10:41:17.868,"Key Press (Editor)",671.943,0,"Enter"
2026-07-10 10:41:17.959,"Highlight (Local)",11.334,0,"Center: 151640, radius: 160, range: 151480-151641"
2026-07-10 10:41:20.416,"Highlight (Change)",694.735,0,"Pos: 5385138, -0, +1, range: blocks 151560-151641"
2026-07-10 10:41:20.461,"Key Press (Typing)",740.523,0,"r"
2026-07-10 10:41:21.161,"Highlight (Change)",638.882,0,"Pos: 5385139, -0, +1, range: blocks 151560-151641"
2026-07-10 10:41:21.207,"Key Press (Typing)",686.881,0,"e"
2026-07-10 10:41:21.880,"Highlight (Change)",632.934,0,"Pos: 5385140, -0, +1, range: blocks 151560-151641"
2026-07-10 10:41:21.927,"Key Press (Typing)",680.513,0,"t"
2026-07-10 10:41:22.601,"Highlight (Change)",632.706,0,"Pos: 5385141, -0, +1, range: blocks 151560-151641"
2026-07-10 10:41:22.647,"Key Press (Typing)",679.707,0,"u"
2026-07-10 10:41:23.368,"Highlight (Change)",649.764,0,"Pos: 5385142, -0, +1, range: blocks 151560-151641"
2026-07-10 10:41:23.416,"Key Press (Typing)",697.715,0,"r"
2026-07-10 10:41:24.140,"Highlight (Change)",678.108,0,"Pos: 5385143, -0, +1, range: blocks 151560-151641"
2026-07-10 10:41:24.185,"Key Press (Typing)",725.672,0,"n"
2026-07-10 10:41:24.883,"Highlight (Change)",653.91,0,"Pos: 5385144, -0, +1, range: blocks 151560-151641"
2026-07-10 10:41:24.930,"Key Press (Typing)",701.3,0," "
2026-07-10 10:41:25.631,"Highlight (Change)",653.006,0,"Pos: 5385145, -0, +1, range: blocks 151560-151641"
2026-07-10 10:41:25.679,"Key Press (Typing)",702.005,0,"0"
2026-07-10 10:41:26.380,"Highlight (Change)",659.15,0,"Pos: 5385146, -0, +1, range: blocks 151560-151641"
2026-07-10 10:41:26.426,"Key Press (Typing)",706.457,0,";"
2026-07-10 10:41:26.513,"Highlight (Local)",8.14491,0,"Center: 151640, radius: 160, range: 151480-151641"
